Afghanistan,,,,,,,,,,,,,4055179566,4515558808,5226778809,6209137625,6971285595,9747879532,10109225814,12439087077,15856574731,17804292964,20001598506,20561069558,20484885120,19907111419,18017749074,18869945678,18353881130,
Albania,2028553750,1099559028,652174991,1185315468,1880951520,2392764853,3199642580,2258515610,2545967253,3212119044,3480355189,3922099471,4348070165,5611492283,7184681399,8052075642,8896073938,10677321490,12881354104,12044223353,11926928506,12890765324,12319830252,12776217195,13228144008,11386846319,11861200797,13019693451,15147020535,
Andorra,1029048482,1106928583,1210013652,1007025755,1017549124,1178738991,1223945357,1180597273,1211932398,1239876305,1429049198,1546926174,1755910032,2361726862,2894921778,3159905484,3456442103,3952600602,4085630584,3674409558,3449966857,3629203786,3188808943,3193704343,3271808157,2789870188,2896679212,3000180750,3218316013,
Argentina,141352368715,189719984268,228788617202,236741715015,257440000000,258031750000,272149750000,292859000000,298948250000,283523000000,284203750000,268696750000,97724004252,127586973492,164657930453,198737095012,232557260817,287530508431,361558037110,332976484578,423627422092,530163281575,545982375701,552025140252,526319673732,594749285413,557531376218,643628665303,517626700413,
Armenia,2256838858,2068526522,1272577456,1201313201,1315158670,1468317350,1596968913,1639492424,1893726437,1845482181,1911563665,2118467913,2376335048,2807061009,3576615240,4900469950,6384451606,9206301700,11662040714,8647936748,9260284938,10142111334,10619320049,11121465767,11609512940,10553337673,10546135160,11527458566,12457941907,
Australia,310781069642,325315909269,324884257479,311549325464,322213766863,367216364716,400302731411,434568007513,398899138574,388608221582,415222633926,378376086723,394648911679,466488060571,612490396927,693407758232,746054207847,853099630996,1053995523724,927805183331,1146138465604,1396649906339,1546151783873,1576184467015,1467483705132,1351693984525,1208846993740,1329188475752,1432881172002,
Austria,166463386179,173794177961,195078126722,190379720809,203535242742,241038283063,237250948791,212790348405,218259904402,217185787343,196799778883,197337879195,213377771504,261695778781,300904221505,315974418605,335998557270,388691445387,430294287388,400172297861,391892746545,431120310089,409425234155,430068712972,441996131737,381817565894,395568644341,417237869116,455094861902,
Azerbaijan,8858006036,8792365811,4991350458,3970953396,3313939554,3052467522,3176703092,3962735257,4446370371,4581246713,5272617196,5707720391,6235856820,7276013032,8680370408,13245716099,20982986344,33050343783,48852482960,44291490421,52902703376,65951627200,69683935845,74164435946,75244294275,53074370486,37867518957,40865558912,47112941176,
Bahamas,3166000000,3111160000,3109000000,3092000000,3259000000,3429000000,3609000000,6332360000,6833220000,7683870000,8076470000,8317830000,8881160000,8870090000,9055290000,9836200000,10167250000,10618340000,10526000000,9981960000,10095760000,10070450000,10720500000,10568400000,11111600000,11710800000,11928500000,12490700000,13022100000,
Bahrain,4229787234,4616223404,4751063830,5200265957,5567553457,5849467819,6101861436,6349202394,6183776596,6621010372,9062898936,8976196809,9593510638,11074813830,13150159574,15968723404,18504760638,21730000000,25710904255,22938218085,25713271277,28776595745,30749308511,32539468085,33387712766,31050638298,32234973404,35473776596,37652500000,
Bangladesh,31598341234,30957483950,31708874594,33166519418,33768660883,37939748769,46438484108,48244309133,49984559471,51270569884,53369787319,53991289844,54724081491,60158929188,65108544250,69442943089,71819083684,79611888213,91631278239,102477791472,115279077465,128637938711,133355749482,149990451022,172885454931,195078678697,221415188000,249711027660,274039092455,
Barbados,2012131457,2020583702,1957000000,2063342117,2151344901,2216974096,2363645403,2498384130,2817083478,2951822205,3059500000,3054500000,3106500000,3209500000,3444500000,3819500000,4217500000,4674000000,4785000000,4465500000,4530000000,4657500000,4610000000,4677000000,4696500000,4715000000,4830000000,4978000000,5086500000,
Belarus,21650000000,18000000000,17037037037,16280991736,14932024169,13972676841,14756846154,14128408566,15222012660,12138486532,12736856828,12354820144,14594249023,17827791321,23144351852,30207567317,36954312354,45277399814,60763483146,50874078052,57222490769,61757788945,65685102555,75527984234,78813839984,56454734397,47722657821,54726595249,60031262269,
Belgium,205331747948,210510999409,234781652447,224721795709,244884129491,288025588396,279201433225,252708051421,258528339631,258158533987,236204532891,236541297539,257157820440,317381715576,368537000248,385570948887,407918078033,470324254038,515223524242,481345929425,480951629493,522645519184,496181260258,521642714408,534678075827,462149679344,475739588765,502698069367,543734366831,
Belize,412086445,444720750,518239100,559858250,580863700,620140400,641383800,654314350,688992450,732750000,832050000,868350000,925050000,983500000,1051350000,1102050000,1210150000,1271600000,1351350000,1317300000,1377200000,1460800000,1522900000,1579400000,1662800000,1723800000,1775100000,1836600000,1871200000,
Benin,1959965244,1986437860,1695315306,2274557914,1598075932,2169627251,2361116588,2268301538,2455092582,3676045653,3511248900,3663017700,4174634520,5337266688,6179176459,6565043460,7027863025,8158257572,9748276762,9699586794,9535344283,10693321954,11141358945,12517845732,13284528654,11388160958,11821066153,12701656931,14250985959,
Bhutan,299787276,250045840,250794360,235239570,270801565,303053463,316420861,365964500,376955087,419035810,424464090,461444514,520849552,604041958,682523857,796938120,874989896,1168308517,1227808791,1234014292,1547991318,1777101317,1781281282,1756215665,1907090813,2003598213,2158972129,2450364928,2446866405,
Bolivia,4867582620,5343274312,5643893347,5734676561,5981244887,6715220507,7396966657,7925673448,8497545598,8285075872,8397912509,8141537938,7905485216,8082364868,8773451739,9549077869,11451869165,13120183157,16674324634,17339992165,19649631314,23963033431,27084497483,30659338880,32996188013,33000198248,33941126200,37508642165,40287647930,
Bosnia and Herzegovina,,,,,1255802469,1866572954,2786045322,3671816504,4116699437,4685733115,5505887894,5748993411,6651106833,8369878823,10596205714,11222953519,12864610994,15778767670,19112739664,17613836210,17176781337,18644723861,17226849297,18178503835,18558343508,16211541820,16913330694,18080118128,20183510561,
Botswana,3790567052,3942792837,4146513722,4160086253,4259330999,4730611067,4847752843,5020214747,4790458837,5484257417,5788329609,5489608300,5438857107,7511582173,8957467707,9918907108,10137883299,10939053365,10945070442,10267133178,12786654498,15351972361,14380004175,14901750991,16250781587,14420593484,15646354089,17405588070,18663265549,
Brazil,461951782000,602860000000,400599250000,437798577640,558111997497,769305386183,850426432992,883199625325,863723411633,599388579986,655420645477,559372276082,507962487700,558319920832,669316654017,891630177251,1107640289615,1397084349956,1695824565983,1667019783585,2208871646203,2616200980392,2465188674415,2472806919902,2455993625159,1802214373741,1795700168991,2062831045936,1885482534238,
Brunei,3520551724,3701667053,4183548189,4105706152,4087337960,4734020037,5115602837,5197332974,4051147228,4600000000,6001153306,5601090584,5843329108,6557333085,7872333215,9531402848,11470703002,12247694247,14393099069,10732366286,13707370737,18525319978,19047940301,18093829923,17098342541,12930394938,11400854268,12128104859,13567351175,
Bulgaria,20632090909,10943548387,10350515464,10829710145,9697416974,18983303571,12294221473,11315986087,15030695297,13627323285,13245833844,14183497963,16402846413,21144983552,26157894737,29869283400,34379808889,44405101470,54438966420,52023504656,50381825504,57386216850,54033250329,55615397666,56901994980,50647442757,53806894796,58971520599,66230155100,
Burkina Faso,3101301781,3135045684,2240264712,2332018011,1895290965,2379518099,2586550747,2447669404,2804902724,3364819317,2956746304,3190371050,3622350204,4740768355,5451688868,6146352742,6547420134,7625723124,9451436359,9450697336,10109618964,12080296644,12561016091,13444301139,13943016924,11832159276,12833363370,14106956830,16059910871,
Burundi,1132101253,1167398478,1083037671,938632612,925030590,1000428394,869033856,972896268,893770806,808077223,870486066,876794723,825394490,784654424,915257323,1117113046,1273375020,1356199365,1611835902,1781455092,2032135247,2235820868,2333308099,2451625333,2705783272,3104394858,2959640987,3172292379,3036931818,
Cambodia,,,,2533727592,2791435272,3441205693,3506695720,3443413389,3120425503,3517242477,3677897739,3984000517,4284028483,4658246918,5337833248,6293046162,7274595707,8639235842,10351914093,10401851851,11242275199,12829541141,14054443213,15227991395,16702610842,18049954289,20016747754,22177200512,24571753583,
Cameroon,11151578051,12434370005,11396310990,15498179313,10600157684,9643953175,10513387442,10833497458,10612847429,11198378749,10083937740,10371327756,11579343088,14548845765,17430933517,17944084201,19356046328,22365265026,26409781215,26017925552,26169323293,29375448542,29102772799,32357345501,34989493826,30928653814,32643697596,35009262788,38694156863,
Canada,593929550908,610328183643,592387689253,577170761956,578139279438,604031623433,628546387972,652823920266,631813279407,676084000808,742295468319,736379777893,757950678647,892382413818,1023196771714,1169357979865,1315415197461,1464977190206,1549131208997,1371153004986,1613464422811,1788647906048,1828689329349,1847208522155,1803533209845,1556129524418,1528243213982,1649878054227,1716262621082,
Central African Republic,1440711396,1377375031,1411917558,1278781167,851174351,1115389732,1007791186,937741468,967338349,999477511,914500299,931833303,991387870,1139754799,1270080251,1337362392,1460561215,1697565949,1985240986,2059094048,2142591376,2437982840,2510126699,1691544192,1894813505,1695825708,1825018191,2072350151,2220978978,
Chad,1738605558,1877138042,1881847677,1463251055,1179837955,1445919970,1607345450,1544689503,1744794457,1534673583,1385058162,1710843361,1997005787,2742815195,4422855929,6649307057,7428701809,8650138069,10393834721,9290728773,10668102735,12172309523,12367363678,12953535496,13940768066,10950392220,10097778354,10000395242,11239167048,
Chile,33113887818,37834793730,45964327559,49297773130,57008425296,73447063319,78039572222,84952360922,81577430181,75173794497,77860932152,70979923960,69736811435,75643459840,99210392858,122964812046,154788024806,173605968179,179638496279,172389498445,218537551220,252251992029,267122320057,278384345259,260541629961,243919085309,250440136356,277044950259,298258019275,
China,360857912566,383373318084,426915712711,444731282437,564324670006,734547898221,863746717504,961603952952,1029043097554,1093997267271,1211346869605,1339395718865,1470550015082,1660287965663,1955347004963,2285965892361,2752131773355,3550342737011,4594307032661,5101703073086,6087163874512,7551500124203,8532229986994,9570406235660,10475682920595,11061553079876,11233276536737,12310409370893,13894817549374,
Colombia,47844090710,49175565911,58418985443,66446804803,81703500846,92507279383,97160109278,106659508271,98443739941,86186158685,99886577331,98211749596,97963003805,94641378693,117081522350,145619191582,161618581266,206181826825,242186950901,232397835678,286563105192,334943871932,370921320484,382116126449,381112119657,293481748241,282825009887,311883730690,333568923004,
Comoros,429622148,424108797,457388579,452881443,319189200,398461790,396053798,364445590,370106776,382454990,350264288,378512003,425964697,546885185,633706149,653845123,698431828,795673128,915659193,905341091,907978724,1023086184,1015843369,1116224161,1149587652,966029542,1012835518,1077439663,1178530758,
Costa Rica,5711687787,7168999670,8528593421,9537297723,10432619325,11513472786,11618286652,12552071488,13617405297,14195623343,14949514493,15913363441,16504795593,17196009811,18528955525,19948261084,22602721765,26743972564,30612927059,30562361123,37268614024,42262697840,46473128286,49745088112,50577769838,54775994479,57157992434,58481858043,60553901420,
Cote d'Ivoire,10795850107,10492628915,11152971316,11045759469,8313557450,11000146839,12139234939,11722142706,12612033729,12376639823,10717022463,11202353585,12405208665,15340993079,16584164236,17091723906,17816714954,20370544322,24322959641,24375209178,24908781285,25414875503,26789047555,31273074528,35363533866,45814637971,47964234560,51588158718,58011466451,
Croatia,,,,,,22534323220,23846442649,23869243598,25562674678,23457038980,21633671681,23054778851,26813968851,34682900713,41587470547,45376744002,50423077102,60073426977,70234425974,62600093959,59918313669,62537851352,56580819624,58194069434,57639588806,49525747504,51601147666,55481644098,61375222347,
Cuba,28645436569,24316556026,22085858243,22367254865,28448326757,30429803651,25017368700,25365908100,25736331200,28364615200,30565400000,31682400000,33590500000,35901200000,38203000000,42643836100,52742800000,58603900000,60806300000,62080000000,64328000000,68990000000,73141000000,77148000000,80656000000,87133000000,91370000000,96851000000,100023000000,
Cyprus,5591130218,5770197348,6912150456,6590291048,7425703929,9933133247,10011918444,9547818700,10248617647,10497908306,9985844486,10397897086,11420227885,14547325028,17320552500,18433411267,20072786351,23968764030,27844698989,25945391775,25732432719,27565469098,24978513427,23900872626,23156850007,19842404305,20953442550,22729184365,25309818139,
Czech Republic,40728950705,29859921159,34805013230,40866748705,47850203856,60147174077,67387788633,62180159376,66807429711,65173130995,61828166496,67808032980,82196001051,100090467581,119814434354,137143471328,156264095665,190183800884,236816485763,207434296805,209069940963,229562733399,208857719321,211685616593,209358834156,188033050460,196272068576,218628940952,248908731818,
Denmark,138247285816,139224688814,152915654479,143195627015,156162386725,185006881515,187632346388,173537647059,176991934993,177965188355,164158739098,164791442543,178635163717,218096033517,251373002954,264467336457,282884947703,319423424509,353361038818,321241303699,321995279402,344003137611,327148943812,343584391648,352993631618,302673070847,313115929314,332121063806,356879499798,
Djibouti,452328087,462421999,478058305,466048469,491689221,497723961,494004648,502675542,514267869,536080148,551230862,572417441,591122040,622044666,666072102,708633195,768873684,847918929,999105339,1049110685,1128611700,1239144502,1353632942,2042817163,2214681574,2430287967,2603554907,2751461056,3012820410,
Dominica,201428730,219763222,234058259,245527593,264375667,274522148,292286000,302989185,322409852,331759000,333468889,340205074,333195185,343310667,367199111,364255074,390250148,421375852,458190185,489074333,493825926,501025926,485996296,498296296,520207407,540737037,576229630,519837037,551074074,
Dominican Republic,7073675545,9734321855,11356271339,13081042396,14664237669,16598679275,18241691854,20017908832,21672526560,22137599984,24305116729,25601765403,27137508655,21403167849,22322395369,35777570134,37879869898,43965420071,48122547177,48261033297,53860175557,58029750744,60681537195,62682163838,67179914026,71164825258,75704720190,79997975623,85555378044,
Ecuador,15239278100,16988535268,18094238119,18938717359,22708673337,24432884442,25226393197,28162053027,27981896948,19645272636,18327764882,24468324000,28548945000,32432858000,36591661000,41507085000,46802044000,51007777000,61762635000,62519686000,69555367000,79276664000,87924544000,95129659000,101726331000,99290381000,99937696000,104295862000,107562008000,
Egypt,42978914311,37387836491,41855986519,46578631453,51897983393,60159245060,67629716981,78436578171,84828807556,90710704807,99838543960,96684636119,85146067416,80288461538,78782467532,89600665557,107426086957,130437828371,162818181818,189147005445,218983666062,235989672978,279116666667,288434108527,305595408895,329366576819,332441717791,235733695652,249712999437,
El Salvador,4817542204,5252342400,5813399300,6680269200,7679384000,8921947100,9586327800,10221705900,10936669900,11284197000,11784927700,12282533600,12664190300,13243892200,13724810900,14698001400,15999886400,17011750900,17986890000,17601620000,18447920000,20283790000,21386140000,21990970000,22593480000,23438240000,24191440000,24979200000,26117400000,
Equatorial Guinea,112119407,110906032,134707184,136047896,100807002,141853368,232463036,442337849,370687619,621117886,1045998496,1461139022,1806742742,2484745935,4410764339,8217369093,10086528699,13071718759,19749893536,15027795173,16314442183,21357344847,22388345810,21948835350,21765454404,13185496836,11240809132,12200914930,13278488567,
Eritrea,,,477101652,467872715,531688312,578015625,693535954,686490090,745526155,688921326,706370816,752368496,729321367,870247703,1109054005,1098425901,1211161880,1317974491,1380188800,1856695551,1589515447,2065001626,,,,,,,,
Estonia,,,,4006983329,4116734613,4497823761,4780170373,5147710775,5665917232,5762048552,5694069842,6259257900,7372457380,9877636631,12144397516,14098326079,17012322168,22445583082,24371299253,19744110864,19693608289,23391530006,23192708982,25271406708,26773473625,23048864243,24259552889,26951648829,30631142227,
Eswatini,1114703088,1156141998,1284766234,1357206996,1419293455,1698982438,1602760100,1716699913,1576904292,1547884442,1738100853,1542477355,1432228173,2197612767,2770082822,3178126555,3291353806,3469363925,3294093364,3580417161,4438778547,4820499497,4886658806,4597702903,4422304975,4062660890,3816018485,4402973000,4665424249,
Ethiopia,12175166763,13463868357,10492993078,8830712714,6927950565,7663984568,8547939731,8589211390,7818224906,7700833482,8242392104,8231326016,7850809498,8623691300,10131187261,12401139454,15280861835,19707616773,27066912635,32437389116,29933790334,31952763089,43310721414,47648211133,55612228234,64589334979,74296618481,81770791971,84269348327,
Fiji,1337024782,1383843860,1531803061,1635426125,1825285158,1970347721,2129266728,2093994597,1656784780,1942170999,1684109743,1660102346,1842691481,2315935753,2727507213,3006725015,3102741451,3405050612,3523185920,2870624636,3140508836,3774530616,3972012571,4190143206,4856963252,4682546881,4930204220,5353404419,5581393121,
Finland,141438345514,127773856786,112532519246,89214114708,103299943085,134189814815,132129174217,126912152102,134038718291,135218410398,125706651926,129421029083,139738377564,171274266366,197116960517,204809103345,216907539832,256052559540,284553976857,252496526813,249181190476,275243697751,258304834622,271285280621,274497230803,234440080998,240607907010,255232257244,275946554579,
France,1269179616914,1269276828276,1401465923172,1322815612694,1393982750473,1601094756210,1605675086550,1452884917959,1503108739159,1492647560196,1362248940483,1376465324385,1494286655374,1840480812641,2115742488205,2196126103718,2318593651988,2657213249384,2918382891460,2690222283968,2642609548930,2861408170265,2683825225093,2811077725704,2852165760630,2438207896252,2471285607082,2595151045198,2787863958885,
Gabon,5952293766,5402919957,5592390849,4378645081,4190819314,4958845906,5694040337,5326816859,4483417120,4662992036,5067865321,5023265365,5335451308,6511903657,7770219480,9582783318,10327598801,12455410056,15571349776,12113699661,14372591916,18210308748,17170465294,17595745653,18203968002,14383107714,14023890620,14929488771,16862282414,
Gambia,317083374,690314321,714255461,755042548,746491693,785996982,848237109,803630743,840285265,814723460,782915402,687408805,578236035,487038822,961900107,1027702254,1054113427,1279704745,1561763437,1450140386,1543292393,1409694554,1415006238,1375608956,1229460602,1378176868,1484579844,1504909753,1670670669,
Georgia,7753501868,6357615894,3690328964,2701181331,2513870587,2693731866,3094935187,3510520231,3613498175,2800026339,3057475289,3219488664,3395728014,3991284895,5125365192,6410823633,7745394293,10172882371,12795076469,10766836277,12243505583,15107441447,16488403076,17189551521,17627003455,14953950557,15141758567,16242916916,17599700091,
Germany,1771671206876,1868945197407,2131571696932,2071323790370,2205074123177,2585792275147,2497244606187,2211989623280,2238990774703,2194204133816,1943145384190,1944107382550,2068624129494,2496128668172,2809187981127,2845802760851,2992196713085,3421229126745,3730027830672,3397791053070,3396354075664,3744408602684,3527344944140,3732743446219,3883920155292,3356235704120,3467498002104,3682602479929,3963767526251,
Ghana,5889174825,6596546196,6413901602,5966255778,5444560669,6465137615,6934984709,6891308594,7480968858,7719354839,4983024408,5314909954,6166330136,7632406553,8881368538,10744675210,20440893017,24827844950,28678701891,26048108185,32197272797,39337314810,41270954737,62405374786,53660342160,48564863888,55009730600,58998132330,65556464048,
Greece,97891092003,105143232380,116224672864,108809059156,116601801966,136878365936,145861612401,143157600150,144428172489,142540728745,130133845587,136191353915,153830946734,201924269752,240521261485,247783002114,273317736796,318497937312,354460802695,330000251459,299361576293,287797821676,245670666768,239862011052,237029578730,196591353872,195222443845,203588424740,218138367209,
Grenada,278098763,300757889,310160444,309812185,325111815,342172519,366911444,392190593,445903593,482009370,520044370,520444185,540336926,591018407,599118593,695555556,698700667,758683593,825976037,771275556,771013259,778655926,799882259,842620111,911497407,997007926,1061631222,1125685185,1168696296,
Guatemala,7650125217,9406097735,10440842165,11399942453,12983235568,14655404433,15674835615,17790026222,19395491993,18318412251,19288827159,18702802522,20776403774,21917430694,23965275794,27211377107,30231249625,34113107372,39136436614,37733609795,41338008613,47654783852,50388460925,52996540576,57852399705,62186186576,66053725049,71612352645,73118147941,
Guinea,2666616177,3014890569,3284625277,3279063318,3383218923,3693753379,3869032271,3783788551,3588376057,3461282294,2995360969,2829435957,2950198649,3446441698,3635458133,2937071767,4220019243,6281917656,6964179194,6716904569,6853467858,6785137173,7638045254,8376613843,8778473615,8794202444,8595955581,10324668267,10907214994,
Guinea-Bissau,243961996,257150374,226313444,236880822,235620044,253966922,270419779,268550998,206457544,224446664,370173839,392621386,417806667,477458599,532062927,587029054,592365688,696910811,868154709,830126470,849878424,1099818652,989271230,1046087418,1054915645,1048229629,1179004941,1350177128,1458868242,
Guyana,396582263,348533095,373573141,454101382,540874934,621626786,705406001,749138010,717530683,694754988,712667897,712167576,726131435,743064077,787814379,824880550,2379818383,2730968914,3025189399,3165661865,3432913353,3691384743,4063090016,4167801803,4127664336,4279840362,4482697337,4748174334,4787635821,
Haiti,3096289800,3473540602,2257121668,1878248741,2167564195,2813313279,2907514523,3338938830,3723909227,4153736347,6868666120,6364908100,6106867934,5000238129,6005401730,7049954289,7408787819,9315973989,10386485528,11269821159,11661585823,13008748132,13708931890,14498080023,14790765760,14857386164,13723267961,14213814583,15965670198,
Honduras,4923009552,4648668479,4943700431,4926728933,4642280682,5347445005,5215028986,5737099650,6366340266,6414520530,7103507989,7651174661,7858235333,8230387552,8869311411,9757034457,10917481688,12361257681,13881701034,14587496229,15839344592,17710315006,18528601901,18499710128,19756494435,20979767785,21717622071,23136232230,24024189736,
Hungary,,34753569693,38730585922,40124916941,43166678735,46425677734,46658755152,47296952929,48706787306,49073380174,47218405892,53749989092,67608919144,85302003908,103960017914,112980947728,115577256524,139966001510,158136326478,130760312877,131916516052,141759722464,128475498380,135411698965,140765018881,125074286021,128470534118,142961605733,160418835851,
Iceland,6478459744,6920116567,7091625416,6227928900,6399064571,7134341222,7438183248,7580988981,8494094898,8971608730,9003639603,8205357405,9294652008,11414055065,13834750405,16812530830,17216420305,21514962938,17905251723,13164652470,13683689693,15158548263,14724078148,16033517403,17758050016,17389101639,20618363252,24488176541,25737594324,
India,320979026420,270105341879,288208430384,279296022988,327275583540,360281952717,392897054348,415867753864,421351477505,458820417338,468394937262,485441014539,514937948870,607699285434,709148514805,820381595513,940259888792,1216735441525,1198895582138,1341886602799,1675615335601,1823050405350,1827637859136,1856722121395,2039127446299,2103587817042,2294797978292,2652754685835,2713165057513,
Indonesia,106140727357,116621996217,128026966580,158006700302,176892143932,202132028723,227369679375,215748998610,95445547873,140001351215,165021012078,160446947785,195660611165,234772463824,256836875295,285868618224,364570514305,432216737775,510228634992,539580085612,755094160363,892969107923,917869910106,912524136718,890814755233,860854235065,931877364178,1015618742566,1042240309413,
Iran,124813263926,,,63743623232,71841461173,96419225744,120403931885,113919163421,110276913363,113848450088,109591707802,126878750296,128626917504,153544751395,190043433965,226452138292,266298911661,349881601459,412336172447,416397025729,486807615326,580764902917,598868460913,460293149324,432687036178,384951479697,417983583566,445345256459,453996479250,
Iraq,179885815375,,,,,,,,,,,,,,36627901762,49954890353,65140293688,88840050497,131613661510,111660855043,138461538462,185470085470,217807625616,234648370497,234648370506,177498577313,174896224010,195473049873,224228010474,
Ireland,49364680214,49847127646,55985504489,52480251192,57166035336,69222625000,75880630040,82826141356,90082052260,98692079693,99852958356,109135253691,127949874835,164284689616,193870692823,211649034946,232083467570,269917942787,275038895562,236316405946,222148757578,237472361734,224999484362,238543539441,258471884600,291499812215,300523297824,335663113508,382674360648,
Israel,59217144629,67793699706,75870773860,76250990071,86643876656,100384808554,109995847354,114692616977,115932846767,117111535135,132343042700,130756336638,121123828570,126965980106,135477431950,142528909909,154034316621,178959188676,216105164994,207468170791,233995676088,261468634287,257180147032,292636164056,309558454691,299813121135,318950599044,353253406983,370587977126,
Italy,1181222653523,1246220156079,1320161644933,1064958075551,1099216688281,1174662070605,1312426527795,1241879604366,1270052525928,1252023758790,1143829832320,1167012796421,1270712309430,1574145823928,1803226967966,1857524312896,1947919708945,2210292636189,2398856598799,2191241872742,2134017843247,2291991045770,2087077032435,2141315327318,2159133919744,1835899237320,1875797463584,1961796197354,2091544955092,
Jamaica,4592224067,4071219198,3530892749,5405097571,5419134875,6538840170,7368000000,8375077443,8763219645,8851581633,8985352832,9194717836,9719017926,9430230564,10174664854,11243868486,11930171468,12799593018,13709402085,12120460873,13220556883,14444655300,14807086889,14262589158,13897804560,14187696311,14075894320,14806340821,15713908816,
Japan,3132817652848,3584420077101,3908809463464,4454143876947,4907039384470,5449116304981,4833712542207,4414732843544,4032509760873,4562078822335,4887519660745,4303544259843,4115116279070,4445658071222,4815148854362,4755410630912,4530377224970,4515264514431,5037908465114,5231382674594,5700098114744,6157459594824,6203213121334,5155717056271,4850413536038,4389475622589,4922538141455,4866864409658,4954806619995,
Jordan,4160003917,4344250257,5311329067,5605841536,6237739516,6727446632,6928359238,7246188575,7912327362,8149106065,8460424401,8975689845,9582453032,10195660790,11411390409,12588665303,15056929760,17110587447,22657662395,24537876124,27133804244,29524149165,31634561670,34454440181,36847643587,38587017944,39892551149,41408960787,42932112676,
Kazakhstan,26932728899,24881135586,24906939560,23409027476,21250839258,20374307047,21035357833,22165932063,22135245413,16870817135,18291990619,22152694162,24636593223,30833699703,43151647003,57123671734,81003884545,104849886826,133441612247,115308661143,148047348241,192626507972,207998568866,236634552078,221415572820,184388432149,137278320084,166805800596,179339994859,
Kenya,8572359163,8151479004,8209129172,5751789915,7148145376,9046326060,12045858436,13115773738,14093998844,12896013577,12705357103,12986007426,13147743911,14904517650,16095337094,18737897745,25825524821,31958195182,35895153328,37021512049,40000088347,41953433591,50412754861,55096728048,61448046802,64007750169,69188755364,78965004656,87778582964,
Kiribati,39809539,47515189,47737955,46919625,54832578,56338028,66515377,67537480,65334841,69032258,67254174,63101272,72196458,90231857,102367039,112133944,110234940,132671743,141042610,132420059,156120895,181705003,190243322,185113922,179703443,171117872,178328873,187276211,196737896,
Kuwait,18427777778,11008793176,19858555215,23941391391,24848483838,27191353887,31493319973,30355093966,25939960630,30123850197,37712842243,34887512227,38137545245,47876510067,59439090601,80798630137,101548931771,114639690359,147395089286,105963168867,115419399860,154068115942,174070382279,174161142454,162631412509,114567298106,109419728567,120707220574,140645364238,
Kyrgyzstan,2675000000,2569444444,2316562500,2028295455,1681006993,1661018519,1827570586,1767864036,1645963750,1249061487,1369688498,1525116370,1605643105,1919008090,2211534585,2460248026,2834168889,3802566171,5139957785,4690062255,4794357795,6197766119,6605139933,7335027592,7468096567,6678178340,6813092066,7702934800,8271108638,
Laos,865559856,1028087972,1127806945,1327748655,1543606345,1763536305,1873671550,1747011857,1280177839,1454430642,1731198022,1768619058,1758176653,2023324407,2366398120,2735558726,3452882514,4222962988,5443915121,5832915387,7127792630,8749241114,10191350120,11942230508,13268458232,14390442307,15805692546,16853087485,17953786416,
Latvia,,,,,,5785775813,5969114344,6521609001,7159169546,7525408359,7949253766,8351415939,9545172806,11749456401,14401882399,16959313006,21517445448,31004884421,35756225698,26317286628,23877564356,28619991392,28330632929,30432796306,31329367173,27239653844,28052325862,30458763246,34416012859,
Lebanon,2838485354,4690415093,5843579161,7941744492,9599127050,11718795528,13690217333,15751867489,17247179006,17391056369,17260364842,17649751244,19152238806,20082918740,21159827992,21497336499,22022709852,24827355015,29118916106,35399582929,38443907042,39927125961,44035991746,46909335135,48134486625,49939374833,51205122504,53140638269,54961275742,
Lesotho,596415105,704329193,831033941,835592802,878250451,1001889857,946123276,997996029,928458206,912771291,887295268,825706961,775780698,1157832935,1511236656,1682350935,1800105590,1716262753,1758534995,1773199523,2269525779,2622336148,2526185314,2421470018,2499803984,2372280103,2165408359,2405289384,2575892262,
Liberia,,,,,,,,,,,874000000,906000000,927000000,748000000,897000000,949000000,1119000000,1373000000,1726000000,1768000000,1998000000,2398000000,2721000000,3067000000,3144000000,3177000000,3277826000,3285455000,3264000000,
Libya,28901836158,31995012469,33881392045,30657030223,28607921929,25544128199,27884615385,30698633109,27249786142,35976714101,38270206950,34110064452,20481889764,26265625000,33122307692,47334148578,54961936663,67516236338,87140405361,63028320702,74773444901,34699395524,81873662519,65502870174,41142722414,27842131480,26197143268,37883243650,52607888718,
Liechtenstein,1421466240,1484152022,1631197909,1673104494,1948118228,2428461395,2504033252,2298410391,2479721341,2664026095,2483953103,2491822707,2688630823,3070691320,3454362686,3659251526,4000239273,4601299567,5081432924,4504549214,5082366478,5739977477,5456009385,6391735894,6657170923,6268391521,6237264055,6552858739,6876981286,
Lithuania,,,,,,7867140395,8382519637,10118631852,11239547691,10971583945,11524776867,12237388002,14259781159,18781721376,22627507452,26097677572,30183575104,39697891352,47797551588,37388122046,37138464733,43582248870,42943442158,46514471182,48574531942,41418872976,43018087238,47758736932,53722883091,
Luxembourg,13229247948,14321878323,16065740276,16486900653,18325790933,21588170498,21776609772,19731912494,20209122027,22235929043,21263514833,21272418792,23616328816,29557325056,34685281848,37347394603,42414308117,50888134410,55849686539,51370543206,53212476812,60004630234,56677961787,61739352212,66103853237,57744457955,60691483443,64181944723,70919958016,
Madagascar,3931334871,3254713056,3714967007,4063298919,3522226903,3838101052,4931861239,4262965282,4401967499,4277903780,4629247091,5438332738,5351701534,6372498720,5064732716,5859269849,6395712392,8524620739,10725137478,9616879921,9982711030,11551821062,11578978053,12423557907,12522959157,11323023787,11848615018,13176313233,13853433948,
Malawi,1880771556,2203545857,1799517082,2070636936,1181802596,1397457932,2281034131,2663234934,1750584265,1775921718,1743506531,1716502862,3495748398,3208837077,3476094499,3655909664,3998020177,4432937046,5321012192,6191127665,6959655571,8004000737,6028487929,5518880769,6047813437,6373212641,5433040160,6303292264,6917301909,
Malaysia,44024178343,49143148094,59167550163,66894837030,74478356958,88705342903,100855393910,100005323302,72167498981,79148421053,93789736842,92783947368,100845526316,110202368421,124749473684,143534102611,162691238209,193547824063,230813897716,202257625195,255016609233,297951960784,314443149443,323277158907,338061963396,301354803994,301255380276,319112136545,358715057124,
Maldives,215089005,244468293,284853359,322326642,355884383,398988955,450382328,508223602,540096398,589239754,624337145,870179739,897031250,1052121055,1226829563,1163362438,1575200391,1868383461,2271646188,2345294875,2588176055,2774351760,2886170572,3295011382,3697351594,4109447297,4379115588,4754352301,5299773145,
Mali,2681912030,2724131545,2830673389,2818280876,2081846483,2706425298,2780422212,2697105694,2920358587,3439463140,2954129566,3465305993,3889758024,4703504467,5444474268,6247496491,6905876385,8145694632,9798741074,10190945007,10689167195,12995074801,12441946098,13242680705,14364859446,13104802016,14025944550,15365627045,17070758732,
Malta,2547163582,2750041434,3021910217,2709178327,2998570147,3720400496,3822882839,3793418472,4010571271,4121350759,4069515557,4088368962,4470446352,5448415540,6098092512,6416184236,6778324087,7925371459,9090406750,8696366869,9035932178,9638916472,9462238257,10551661220,11626281450,11091434435,11665231192,13146963159,14750790658,
Marshall Islands,78476000,82507000,91063000,99461000,108071000,120230000,110858000,110705600,112279400,114326300,115347500,122824000,131738200,131398500,133806400,141922500,145474100,153884600,153135800,151772600,162164700,174332100,182874800,187707400,184689500,184599600,200558400,212881000,221278000,
Mauritania,1506914408,2133693478,2164292208,1847350612,1944876755,2091731421,2132081882,2072001067,2032345832,1985924387,1779521110,1746064719,1777058593,2051147607,2362501023,2936019526,4008583968,4328063511,5138471610,4725200358,5628882266,6764635687,6728208836,7223063170,6592537782,6166857629,6398744505,6758390729,7049169771,
Mauritius,2653480001,2856890681,3224267548,3263368410,3558137040,4040345933,4421943910,4187367602,4169664285,4343710333,4663313620,4613630623,4841310240,5816553827,6578844486,6488750453,7028803366,8150138757,9990370016,9128843109,10003670690,11518393367,11668685524,12129642296,12803445934,11692287066,12232463656,13259351418,14181951059,
Mexico,261253582806,313142768453,363157598242,500736065605,527813238126,360073909244,410975595310,500413483109,526502129378,600232874043,707906744575,756706300590,772106378935,729336319677,782240601985,877476221382,975387131716,1052696282279,1109989063587,900045350649,1057801295584,1180489601958,1201089987015,1274443084717,1315351183525,1171867608198,1078490651625,1158913035796,1222348807283,
Micronesia,147200000,166200000,178100000,198400000,202500000,221575300,218534700,206626300,218873100,220140500,233271800,240970900,242517200,245432900,240236000,250281900,253541900,256787200,263145100,280284600,296944100,311301600,327248700,317214400,319271200,316489900,332265200,366666800,401932300,
Montenegro,,,,,,,,,,,984297589,1159869246,1284685051,1707710053,2073234418,2257174481,2721903149,3680711744,4545674528,4159330370,4142931813,4544575152,4087561650,4464502434,4587741791,4053097851,4373958354,4844606146,5504255214,
Morocco,30180108562,32285388165,33711069431,31655473664,35604137423,39030285468,43161452678,39147844526,41806219379,41632027600,38857251336,39459581217,42236836821,52064058834,59626020162,62343022651,68640825481,79041294874,92507257784,92897320376,93216746662,101370474295,98266306615,106825649872,110081248587,101179808076,103311649248,109682728023,118096227400,
Mozambique,,3633406065,2588625093,2676425527,2742148399,2843489765,3856799844,4648832184,5263877520,5976408044,5656473652,5398568544,5677003239,6303391144,7631120533,8542070110,9176889070,10450843291,12556195189,11914471497,11104648673,14381552433,16350804543,16974320551,17716084108,15950969019,11936999283,13219084261,14845870051,
Myanmar,,,,,,,,,,,8905066164,6477790688,6777632512,10467109978,10567354056,11986972419,14502553710,20182477481,31862554102,36906181381,49540813342,59977326086,59937797559,60269734045,65446199788,67822772707,67184236747,68945867478,76168043982,
Namibia,2785764518,2992650454,3424733520,3218475900,3636645995,3942478206,3945340776,4102648720,3826527631,3818954448,3833993703,3476452446,3275669889,4811994025,6480441754,7101514450,7840138006,8729714008,8496492492,8825055228,11268186636,12343501808,13041886316,12011207741,12356482989,11272143473,10665634688,12741746524,13454211344,
Nauru,,,,,,,,,,,,,,,,,,,,,47564520,66055408,96927201,98491844,104654365,86779266,100087349,109585942,124021394,
Nepal,3627562403,3921476085,3401211581,3660041667,4066775510,4401104418,4521580381,4918691917,4856255044,5033642384,5494252208,6007055042,6050875807,6330473097,7273938315,8130258041,9043715356,10325618017,12545438605,12854985464,16002656434,18913574371,18851513891,19271168018,20002968838,21410840909,21185922408,25180583770,29173513476,
Netherlands,318330511921,327500327676,362962872180,353550169673,379130260322,452301674444,450490196078,416812740005,438008220395,446898572342,416442786070,431213422819,471613965744,578792325056,657171591756,685092650168,733340860620,847481522037,947997656364,868077243679,846554894931,904085980796,838971306991,876923518850,890981311078,765264949781,783528181705,833869641687,914043438180,
New Zealand,45495129385,42745329732,41649829860,46775620817,55314732279,63918703507,70140835299,66075143415,56227169851,58762260626,52623281957,53872425917,66627729311,88250885550,103905210084,114720129550,111608845081,137320496803,133290222816,121357986133,146619138359,168510189201,176247979236,190845889950,200921936786,177467529071,188223664747,205415864858,207920613962,
Nicaragua,1009455484,1488804124,1792800000,1756454248,3863185119,4140470000,4308351903,4389965591,4635267225,4855717875,5107329007,5323146566,5224213018,5322454926,5795568205,6321335612,6763361733,7423367753,8496946608,8298729074,8758639096,9774262742,10532049077,10982938826,11880434071,12756706583,13286083645,13785909906,13063904770,
Niger,3512356353,3285796980,3386232592,2208546463,1938058161,2302537682,2405687081,2290318800,2643363407,2536859320,2236185390,2448714681,2782192987,3394084885,3760443966,4383315657,4756361480,5731485267,7297600897,7352131669,7851191899,8772951262,9426913349,10224897935,10862944204,9685577941,10355006770,11189541083,12846952857,
Nigeria,54035795388,49118433048,47794925815,27752204320,33833042988,44062465800,51075815093,54457835193,54604050168,59372613486,69448756933,74030364472,95385819321,104911947834,136385979322,176134087150,236103982432,275625684969,337035512677,291880204327,361456622216,404993594134,455501524575,508692961937,546676374568,486803295098,404650006429,375746469539,397190484464,
Norway,119791683308,121872464483,130838040068,120579072751,127131461120,152029612325,163520109151,161356631888,154163364303,162284465073,171247131269,173972218824,195524186478,228858506822,264511630667,308884284051,345581369966,400937100159,462250000000,386190385319,428757038467,498283438454,509506317147,522761531915,498410050251,385801550067,368819929542,398393955269,434166615432,
Oman,11685045514,11341482445,12452275683,12493107932,12918855657,13802600780,15277763329,15837451235,13996914596,15593456122,19507452508,19452000476,20142756175,21633708220,24763713001,31081991725,37215779656,42085379489,60905452458,48388363516,56913065779,67872692582,76511059936,78555637365,80686854743,68399663322,65480507171,70598026283,79788768969,
Pakistan,40010423970,45625234698,48884606848,51809949334,52293456906,60636022423,63320122807,62433300338,62191955814,62973855719,82017743416,79484403985,79904985385,91760542940,107759683863,120055291993,137264061106,152385716312,170077814106,168152775283,177165635077,213587413184,224383620830,231218567179,244360888751,270556131701,278654637738,304567253219,314567541558,
Palau,,,,,,,,,,,146297500,156907900,163184900,153963200,165186200,190452900,192382400,198897700,198283900,187522800,185943000,196911100,212397800,221117200,241669800,280457700,295065400,286106800,280435700,
Panama,6433967000,7074675500,8042337700,8782585400,9365289800,9573813700,9870494000,10677286100,11575486400,12130252200,12304115000,12502013400,12994310400,13693981200,15013381700,16374393900,18141666300,21295984200,25155888600,27116635600,29440300000,34686200000,40429700000,45600000000,49921500000,54091700000,57907700000,62219000000,65128200000,
Papua New Guinea,3219730365,3787394958,4377980510,4974550286,5502786070,4636057476,5155311077,4936615299,3789443015,3477038204,3521339699,3081024212,2999511040,3536411824,3927157867,4865892972,8355006711,9545177005,11670840924,11619637816,14250755222,17984910496,21295659249,21261432775,23210682537,21723531182,20759069105,22742613549,24109509856,
Paraguay,5812114523,6984367763,7157424031,7249533620,7870982005,9062131475,9788391781,9965225678,9260481572,8837070236,8855705140,8495806432,7196260657,7691367471,9624440836,10737500188,13429430050,17856270473,24578067861,22341754514,27215968616,33715524704,33283228891,38585317743,40276532541,36164068797,36054281572,39008900332,40384691791,
Peru,26410386669,34341465998,35966302303,34832077221,44882079767,53312793687,55252414130,58147522523,55501467877,50187324568,51744749133,52030158775,54777553515,58731030122,66768703498,76060606061,88643193062,102170981144,120550599815,120822986521,147528937029,171761737047,192648999090,201175469114,200789362452,189805300842,191895943824,211007207484,222044970486,
Philippines,44311593756,45417561302,52976344929,54368083953,64084460124,74119987245,82848140618,82344260571,72207028768,82995145793,83670261708,78921071499,84307369867,87039145965,95001994600,107419986401,127652908954,155980408072,181006859908,176131654911,208368892319,234216730704,261920542607,283902829721,297483553300,306445871632,318627003966,328480738147,346841896890,
Poland,65977749037,85500935935,94337050693,96045645026,110803391517,142292783505,160193242090,159357789772,174685791564,170031005016,172219461126,190905493539,199072058824,217827260806,255110181540,306144336270,344622003094,429028505365,533609081853,439737508413,479834179020,528301269070,498523568248,521016262735,542477096212,477811911394,472630364208,526508877305,587411745162,
Portugal,78713860217,89233599278,107592098307,95009751901,99688641304,118122007430,122630089680,117016535163,123946327916,127427343916,118310710337,121498889485,134156091662,164862142212,189034502111,197180330805,208581694894,240190803449,262344779552,243701635176,237880908318,244797226567,216236608774,226369502104,229596170847,199313894327,206286022782,221357874719,242313116578,
Qatar,7360439423,6883516484,7646153984,7156593654,7374450769,8137911978,9059340385,11297802115,10255495027,12393131868,17759890110,17538461538,19363736264,23533791209,31734065934,44530494505,60882142857,79712087912,115270054945,97798351648,125122306346,167775268614,186833502362,198727642979,206224598565,161739955578,151732181857,161099122215,183334953813,
Romania,38995454545,28998684211,25121666667,26362894737,30074440483,37435317265,36937074278,35574916295,41694118973,35952781582,37253259017,40394824679,46066101951,57806506024,74972669057,98452791983,122022997508,174585202805,214313628965,174103695930,166309355235,183326740143,170635805317,190801346194,199959363430,177729210875,188128818486,211695422579,241457403085,
Russia,516814274022,517962962963,460290556901,435083713851,395077301248,395537185735,391724890744,404928954192,270955486862,195907128351,259710142197,306602070621,345470494418,430347770732,591016690743,764017107992,989930542279,1299705764824,1660846387625,1222644282202,1524917468442,2045925608274,2208295773643,2292473246621,2059241965491,1363481063447,1276786979222,1574199387071,1669583089323,
Rwanda,2550185618,1911600970,2029026704,1971525999,753636370,1293535011,1382334879,1851558302,1989343495,2157288438,2068929592,1966668014,1965903268,2138244785,2376384754,2933282015,3319198500,4069636442,5179108956,5673410334,6124120673,6884889636,7655138385,7819538349,8246166341,8545441361,8697268916,9253098954,9635951160,
Samoa,125766270,125597205,132303041,133122897,221098107,224865731,249908971,285475592,269481523,258833767,269019710,273088357,288078881,338838639,420320176,465568018,505832440,570469197,619260722,584706020,663161518,737401692,760549587,770021664,756919917,788307331,799376440,832153613,821496065,
Sao Tome and Principe,,,,,,,,,,,,75951211,85171308,102085583,114582562,136450275,142775597,149146423,188021191,187820465,196652166,231488665,250680453,300553785,346527950,316065370,345495358,375614556,412261830,
Saudi Arabia,117630271802,132223268485,137087876663,132967901424,135174886501,143343036351,158662398751,165963557420,146775498093,161716960000,189514926223,184137469725,189605920241,215807655244,258742263029,328459700124,376900135721,415964583059,519796738631,429097899279,528207332650,671238840108,735974843349,746647127408,756350347320,654269902889,644935541446,688586244287,786521831572,
Senegal,7237100724,7111252866,7602005274,7189226453,4908415369,6176312552,6413189839,5915250258,6368265194,6512207622,5924239701,6174898370,6752510283,8683229268,10167441854,11022821632,11847848225,14285970085,16949789465,16248212852,16230887978,17902207622,17824398469,18965572150,19797254643,17774766636,19040312815,20996564752,23236007428,
Serbia,,,,,,16832598870,21818007449,25676488000,19457979423,19388663551,6875845987,12960538724,17120906918,22482365322,26141968161,27683225959,32482070360,43170990616,52194221469,45162894381,41819468692,49258136129,43309252921,48394239475,47062206678,39655958843,40692643373,44179055280,50640650221,
Seychelles,368584759,374359556,433667194,473916819,486451205,508221508,503068472,562958837,608369282,622985494,614879765,622262057,697518248,705704816,839319927,919103255,1016418229,1033561654,967199594,847397850,969936525,1065826670,1060226126,1328157609,1343007845,1377495054,1426651769,1524486800,1586009000,
Sierra Leone,649644827,779981459,679997998,768812335,911915971,870758739,941742153,850218034,672375927,669384769,635874002,1090467712,1253340520,1385810072,1448536631,1650494367,1885112202,2158496873,2505458705,2453899847,2578026297,2942546781,3801862611,4920343195,5015157816,4218723875,3674794530,3739577973,4085114794,
Singapore,36144336769,45466164978,52130263966,60603478153,73690847191,87810991957,96295886525,100124191810,85728310229,86284660767,96074477958,89794943350,92537752709,97645448284,115035498758,127807618361,148630373214,180941941477,193611986713,194152286009,239809387605,279351168707,295087220933,307576360585,314851156183,308004146058,318652334419,341863349989,373217081851,
Slovakia,12747380650,14272201755,15495514297,16520676974,20162936291,25840146405,27925036755,27706028096,29856000671,30453383763,29169953013,30752150336,35130340674,46816589165,57332015148,62785305310,70708098106,86454081577,100469509301,89046289247,90310718349,99122802874,94534730681,98848641555,101189715749,88467555244,89655253976,95494424979,105701930963,
Slovenia,18198199153,13263686957,13101055425,13258920635,15049620465,21352224019,21507232649,20763101741,22146231968,22711384311,20289627637,20876309970,23489890274,29634713641,34414784504,36206395971,39481045038,48006372844,55552509155,50368056405,48161250405,51516366655,46580457470,48401896808,49930685013,43090173395,44736333522,48586603448,54161636035,
Solomon Islands,208003796,220274053,260578532,291118989,390107553,458322323,505832212,529204445,458717501,495442426,429169369,424403183,356507824,352522682,397611127,476898764,538668769,620230005,699157191,735940410,846797694,1049952233,1190994127,1284698922,1335538893,1307061544,1378551118,1483758907,1593964162,
South Africa,115552349035,123942759156,134544563097,134308050012,139752515749,155460927990,147606294674,152587423868,137774755609,136632320705,136361298082,121514658737,115482368344,175256916996,228590027401,257772710833,271638484826,299415505152,286769839733,295936485833,375349442837,416418874936,396332702639,366829390479,350904575292,317620522795,296357282715,349554116684,368288939768,
South Korea,283367525715,330648530715,355525267405,392666101885,463617399963,566583427334,610169556840,569754543830,383330931042,497512659612,576178114168,547658231280,627246081417,702717332013,793175007858,934901071333,1053216909888,1172614086540,1047339010225,943941876219,1144066965324,1253223044719,1278427634343,1370795199976,1484318219634,1465773245547,1500111596236,1623901496836,1724845615629,1.64674E+12
Spain,536558591250,577166174540,630916018203,525075636031,530562634455,614609020550,642588992513,590077272727,619214834614,634693160026,596877648793,627286800895,705394315829,905492099323,1067093369754,1153285660987,1259343871534,1472131125103,1625224842537,1485583495415,1420722034063,1478772824224,1324820091195,1354757433213,1369398844600,1195119269972,1232076017362,1312539279462,1422153839841,
Sri Lanka,8032551173,9000362582,9703011636,10338679636,11717604209,13029697561,13897738375,15091913884,15794972847,15656327860,16330814180,15749753805,16536535647,18881765437,20662525941,24405791045,28279814925,32350248411,40713812310,42066217872,56725749222,65292753005,68434409315,74317806538,79356449841,80604080689,82401038710,87428125558,88425889592,
Sudan,12408647541,11379222222,7034219713,8881785938,12794192334,13829744879,9018243044,11681494637,11250327988,10682045258,12257418326,13182979784,14803189093,17646503525,21457470203,26524538566,35822408612,45898948564,54526580232,49957202646,58167563413,57060450038,52766746152,57730380600,64941713057,74294508240,51772232495,45021077955,33128480499,
Suriname,388400000,448100000,404600000,428764706,605492537,691590498,861411471,926422500,1110850000,886290698,947671970,834279358,1093574468,1274190311,1484092538,1793388732,2626380435,2936612022,3532969035,3875409836,4368398048,4422276622,4980000000,5145757576,5240606061,4787367928,3128953537,3216207914,3464656616,
Sweden,261846194499,274229034312,284321115595,212953336588,229033566615,267305875261,291743811512,268146144678,270809066781,274072182417,262835454367,242395852494,266849061836,334337212322,385118044877,392218088879,423093437424,491252589217,517706149201,436537014294,495812558843,574094112973,552483727283,586841821797,581964017237,505103781350,515654671470,541018749769,555455371487,
Switzerland,258066552692,261113787308,271814367089,264353008257,292646657893,342617007188,330091688511,286519135258,295045151745,289912492345,272055499763,278631271628,301416809958,352914820673,394163688782,408689354321,430921192375,479913033989,554363487213,541506500322,583782978346,699579638413,668043613696,688504173431,709182559935,679832292005,671309197478,679950481623,705140620047,
Syria,12308624284,12981833333,13253565899,13695962019,10122020000,11396706587,13789560878,14505233969,15200846138,15873875969,19325894913,21099833784,21582248882,21828144686,25086930693,28858965517,33332844575,40405006007,,,,,,,,,,,,
Tajikistan,2629395066,2534720480,1909246641,1646693642,1522018436,1231567145,1043654822,921572115,1320242081,1086605267,860521119,1080768907,1221120799,1555301496,2076182461,2312327536,2830220713,3719506173,5161337336,4979481980,5642178580,6522732203,7633049792,8448469838,9112544556,7854602392,6952678127,7157865188,7522947810,
Tanzania,4258743263,4956588279,4601413264,4257702197,4510846968,5255221425,6496195451,7683852497,12270448700,12711213451,13375976354,13581644246,14142035080,15224257698,16675948415,18399046025,18649590248,21843529025,27941177435,29081425282,32014249841,34657139495,39650530214,45680532614,49964788814,47378599025,49774021003,53320625959,58001200572,
Thailand,85343063966,98234695722,111452869378,128889318947,146683499006,169278753532,183035114648,150180619367,113675561057,126669064387,126392233707,120296476180,134300851255,152280677649,172895749632,189318549680,221758196505,262942476722,291382991178,281710416557,341104820155,370819140947,397558222957,420333203150,407339361696,401295941041,413430123185,456294704153,506514103905,
Timor-Leste,,,,,,,,,,,367087900,477457500,469461100,490400300,440732900,462261800,453796000,542795300,648492700,726881600,881826900,1054725400,1147779600,1395524600,1447311400,1594410800,1650608600,1599338100,1559894900,
Togo,1628427515,1602299863,1692959110,1233496846,982624325,1309382885,1465448290,1498950899,1587345951,1576094566,1488185772,1481141850,1698678686,2111093198,2255942249,2280575830,2349495621,2659095101,3310277927,3365711796,3429461495,3872459250,3873308389,4321655656,4574986537,4180866177,4486979198,4819949975,5364369026,
Tonga,113563822,132201141,137066291,138489884,195990967,208871688,222100546,214991478,191504900,199214621,204849595,181116944,182763673,202246980,230657957,261797595,292232127,298513956,344428609,312377379,366840012,414523388,470714083,450643615,439878828,437006227,420540179,460379145,489235527,
Trinidad and Tobago,5068000000,5307905882,5439552941,4669488516,4947205860,5329214163,5759537726,5737751332,6043694330,6808982521,8154338233,8824873259,9008273721,11305459802,13280275123,15982282462,18369361094,21641620050,27871587350,19172165226,22157948396,25433011405,25763220107,27268478565,27615843098,25062893969,22284780327,22474828527,23808146748,
Tunisia,12290568182,13074782609,15497286296,14608946896,15632463424,18030876599,19587322786,20746360430,21803372267,22943685719,21473188882,22066101341,23142294436,27453084983,31183139301,32273007554,34378437265,38908069299,44856586316,43454935940,44050929160,45810626509,45044112939,46251061734,47632326088,43173480832,41801210428,39802430355,39770297329,
Turkey,150676291094,150027833333,158459130435,180169736364,130690172297,169485941048,181475555283,189834649111,275967393985,256385525190,274302959127,201753343274,240248965618,314595397485,408865286825,506314592067,557076027809,681321211458,770449330198,649289324631,776967610957,838785707000,880555967207,957799371566,938934394764,864314287106,869683121563,858988610574,778381859841,
Turkmenistan,3189539641,3208098919,3200539816,3179225949,2561118608,2482228440,2378759975,2450349634,2605688065,2450564468,2904662605,3534803922,4461978499,5977560877,6838351088,8103901996,10276674365,12664165103,19271523179,20214385965,22583157895,29233333333,35164210526,39197543860,43524210526,35799714286,36180000000,37926285714,40761142857,
Tuvalu,8824448,9365166,9742949,9630763,10886826,11025945,12334846,12700905,12757633,13687141,13742057,13196545,15450994,18231079,21534932,21839099,22902861,27030374,30290220,27101076,31823519,38711810,37671775,37509075,37290608,35492074,36547800,40619252,42588165,
Uganda,4304398866,3321729057,2857457860,3220439044,3990430447,5755818947,6044585327,6269333313,6584815847,5998563258,6193246837,5840503869,6178563591,6606884391,7939487474,9239221859,9977647645,11902564401,14440404021,25019909335,26558906014,27752712167,27188666947,28791625559,32472363452,32248116584,29078719934,30756466548,32916147253,
Ukraine,81456918679,77464561150,73942235330,65648559903,52549555149,48213868178,44558077827,50150399792,41883241472,31580639045,31261527363,37972301335,42351593887,50084197498,64819702952,86057915585,107647920792,142579603960,179816790705,117113410001,136013155905,163159671670,175781379051,183310146378,133503411376,91030959455,93355993629,112190355158,130901858422,
United Arab Emirates,50701443748,51552165622,54239171888,55625170253,59305093980,65743666576,73571233996,78839008445,75674336283,84445473111,104337372362,103311640572,109816201498,124346358067,147824370320,180617467965,222116541865,257916133424,315474615739,253547358747,289787338325,350666031314,374590605854,390107556161,403137100068,358135057862,357045064670,385605506855,422215043585,
United Kingdom,1093169389205,1142797178131,1179659529660,1061388722256,1140489745944,1341584345905,1415358814353,1559078258022,1650172242464,1682399288141,1657816613709,1640246149417,1784473920863,2053018775510,2416931526913,2538680000000,2713749770009,3100882352941,2922667279412,2410909799034,2475244321361,2659310054646,2704887678387,2786022872707,3063803240208,2928591002003,2694283209613,2666229179958,2860667727552,
United States,5963144000000,6158129000000,6520327000000,6858559000000,7287236000000,7639749000000,8073122000000,8577554457000,9062818202000,9630664202000,10252345464000,10581821399000,10936419054000,11458243878000,12213729147000,13036640230000,13814611414000,14451858656000,14712844084000,14448933025000,14992052727000,15542581104000,16197007349000,16784849196000,17527163695000,18224704440000,18714960538000,19519353692000,20580159776000,
Uruguay,9298839655,11205971155,12878199881,15002106518,17474647792,19297663097,20515543039,23969823009,25385928193,23983945188,22823255803,20898788417,13606494597,12045631091,13686329890,17362857685,19579457965,23410572633,30366213118,31660911279,40284481653,47962439303,51264390114,57531233351,57236013088,53274304222,52687612262,59530088537,59596885024,
Uzbekistan,13360607918,13677622222,12941297376,13099013836,12899156991,13350468917,13948892216,14744603774,14988971211,17078465982,13760513969,11401421329,9687788513,10134453435,12030023548,14307509839,17330833853,22311393928,29549438884,33689223673,46679875794,56516280748,63628854499,68997168338,76658542757,81847410182,81779012351,59159945321,50392607758,
Vanuatu,168879207,201334169,209088825,200491853,233701301,249333250,261370044,272771209,262293411,268006973,272014693,257926882,262596598,314471328,364996869,394962552,439376794,526428310,607958616,610066629,700804286,792149701,781702874,801787556,814954307,759689951,804332796,880043554,914700508,
Venezuela,48598315565,53476971831,60401798246,60065011013,58418666667,77407726244,70543211119,85843534589,91331203433,97976886247,117140723529,122903960205,92893587734,83620628582,112453382330,145510008135,183477522124,230364012576,315953388511,329787628928,393192354511,316482190800,381286237848,371005379787,482359318768,,,,,
Vietnam,6471740806,9613369520,9866990236,13180953598,16286433533,20736164459,24657470575,26843700442,27209602050,28683659007,31172518403,32685198735,35064105501,39552513316,45427854693,57633255618,66371664817,77414425532,99130304099,106014659770,115931749697,135539438560,155820001920,171222025117,186204652922,193241108710,205276172135,223779865815,245213686369,
Yemen,5647119229,5930370370,6463649985,5368270615,4167356037,4258788725,5785685311,6838557384,6325141676,7641102523,9652436180,9861560095,10694628092,11777966673,13872791659,16746344766,19061978586,21650532264,26910851362,25130274124,30906749533,32726417212,35401341663,40415235702,43206469767,42450620876,30935978724,26736139802,23486270352,
Zambia,3285217391,3378882353,3181921788,3273237853,3656647744,3807067122,3597220962,4303281932,3537683046,3404311977,3600683040,4094480988,4193845678,4901839731,6221077675,8331870169,12756858899,14056957976,17910858638,15328342304,20265559484,23459515276,25503060420,28045553105,27150728124,21243339048,20954754378,25868165345,26312140829,
Zimbabwe,8783816700,8641481700,6751472200,6563813300,6890675000,7111270700,8553146600,8529571600,6401968200,6858013100,6689957600,6777384700,6342116400,5727591800,5805598400,5755215200,5443896500,5291950100,4415702800,9665793300,12041655200,14101920300,17114849900,19091020000,19495519600,19963120600,20548678100,22040902300,24311560500,
,1990,1991,1992,1993,1994,1995,1996,1997,1998,1999,2000,2001,2002,2003,2004,2005,2006,2007,2008,2009,2010,2011,2012,2013,2014,2015,2016,2017,2018,
